[
  {"new":"Новая игра"},
  {"save":"Сохранить игру"},
  {"load":"Загрузить игру"},
  {"options":"Настройки"},
{"music":"Громкость музыки"},
{"sfx":"Громкость эффектов"},

  {"character":"Персонаж"},
  {"magic":"Заклинания"},

  {"delete":"Выбросить"},
  {"usage":"Съесть"},
  {"stats":"Характеристики"},
  {"inventory":"Инвентарь"},
  {"equipment":"Экипировка"},
  {"equip1":"Оружие"},
  {"equip2":"На теле"},
  {"equip3":"Одежда"},
  {"maxStrength":"Макс. Сила"}
]