[
{"Strength":"СИЛ:"},
{"Dexterity":"ЛОВ:"},
{"Charisma":"ХАР:"},
{"Reaction":"РЕАК:"},
{"Luck":"УДЧ:"},
{"Turn":"Ход:"},
{"Dexgood":"Вы превосходите противника в Ловкости"},
{"Dexbad":"Противник превосходит вас в Ловкости"},
{"Hitgood":"Ваша атака имела успех: Нанесено урона:"},
{"Hitbad":"Противник парировал: Получено урона:"},
{"Fleegood":"Противник намерен сражаться"},
{"Fleebad":"Противник бежит с поля боя"},
{"Enemydie":"Противник повержен"},
{"battlecont":"Сражение продолжается"},
{"battlevict":"Вы победили!"},
{"battledie":"Вы погибли!"}
]
